<?xml version="1.0" encoding="UTF-8"?>
<metadata xml:lang="es"><Esri><CreaDate>20231002</CreaDate><CreaTime>13185800</CreaTime><ArcGISFormat>1.0</ArcGISFormat><ArcGISstyle>FGDC CSDGM Metadata</ArcGISstyle><SyncOnce>FALSE</SyncOnce><DataProperties><lineage><Process ToolSource="c:\arcgis\desktop10.4\ArcToolbox\Toolboxes\Data Management Tools.tbx\TruncateTable" Date="20170328" Time="081901">TruncateTable D:\Contenedor\Users\mbernate\Desktop\MR\MR_0317.gdb\Entidad_Territorial\Loca</Process><Process ToolSource="c:\arcgis\desktop10.4\ArcToolbox\Toolboxes\Data Management Tools.tbx\Append" Date="20170328" Time="082140">Append D:\Contenedor\Users\mbernate\Desktop\MR\SDP\Entidad_Territorial_y_Unidad_Administrativa_mgn.gdb\ENTIDAD_TERRITORIAL\Localidad Loca NO_TEST "LocNombre "Nombre de la localidad" true true false 50 Text 0 0 ,First,#,D:\Contenedor\Users\mbernate\Desktop\MR\SDP\Entidad_Territorial_y_Unidad_Administrativa_mgn.gdb\ENTIDAD_TERRITORIAL\Localidad,LocNombre,-1,-1;LocAAdmini "Acto administrativo de la localidad" true true false 50 Text 0 0 ,First,#,D:\Contenedor\Users\mbernate\Desktop\MR\SDP\Entidad_Territorial_y_Unidad_Administrativa_mgn.gdb\ENTIDAD_TERRITORIAL\Localidad,LocAAdmini,-1,-1;LocArea "Area de la localidad" true true false 8 Double 0 0 ,First,#,D:\Contenedor\Users\mbernate\Desktop\MR\SDP\Entidad_Territorial_y_Unidad_Administrativa_mgn.gdb\ENTIDAD_TERRITORIAL\Localidad,LocArea,-1,-1;LocCodigo "Identificador unico de la localidad" true true false 2 Text 0 0 ,First,#,D:\Contenedor\Users\mbernate\Desktop\MR\SDP\Entidad_Territorial_y_Unidad_Administrativa_mgn.gdb\ENTIDAD_TERRITORIAL\Localidad,LocCodigo,-1,-1;SHAPE_Length "SHAPE_Length" false true true 8 Double 0 0 ,First,#,D:\Contenedor\Users\mbernate\Desktop\MR\SDP\Entidad_Territorial_y_Unidad_Administrativa_mgn.gdb\ENTIDAD_TERRITORIAL\Localidad,SHAPE_Length,-1,-1;SHAPE_Area "SHAPE_Area" false true true 8 Double 0 0 ,First,#,D:\Contenedor\Users\mbernate\Desktop\MR\SDP\Entidad_Territorial_y_Unidad_Administrativa_mgn.gdb\ENTIDAD_TERRITORIAL\Localidad,SHAPE_Area,-1,-1" #</Process><Process ToolSource="c:\arcgis\desktop10.4\ArcToolbox\Toolboxes\Data Management Tools.tbx\TruncateTable" Date="20170328" Time="090018">TruncateTable D:\Contenedor\Users\mbernate\Desktop\MR\MR_0317.gdb\Entidad_Territorial\Loca</Process><Process ToolSource="c:\arcgis\desktop10.4\ArcToolbox\Toolboxes\Data Management Tools.tbx\Append" Date="20170328" Time="090030">Append D:\Contenedor\Users\mbernate\Desktop\MR\SDP\Entidad_Territorial_y_Unidad_Administrativa_mgn.gdb\ENTIDAD_TERRITORIAL\Localidad Loca NO_TEST "LocNombre "Nombre de la localidad" true true false 50 Text 0 0 ,First,#,D:\Contenedor\Users\mbernate\Desktop\MR\SDP\Entidad_Territorial_y_Unidad_Administrativa_mgn.gdb\ENTIDAD_TERRITORIAL\Localidad,LocNombre,-1,-1;LocAAdmini "Acto administrativo de la localidad" true true false 50 Text 0 0 ,First,#,D:\Contenedor\Users\mbernate\Desktop\MR\SDP\Entidad_Territorial_y_Unidad_Administrativa_mgn.gdb\ENTIDAD_TERRITORIAL\Localidad,LocAAdmini,-1,-1;LocArea "Area de la localidad" true true false 8 Double 0 0 ,First,#,D:\Contenedor\Users\mbernate\Desktop\MR\SDP\Entidad_Territorial_y_Unidad_Administrativa_mgn.gdb\ENTIDAD_TERRITORIAL\Localidad,LocArea,-1,-1;LocCodigo "Identificador unico de la localidad" true true false 2 Text 0 0 ,First,#,D:\Contenedor\Users\mbernate\Desktop\MR\SDP\Entidad_Territorial_y_Unidad_Administrativa_mgn.gdb\ENTIDAD_TERRITORIAL\Localidad,LocCodigo,-1,-1;SHAPE_Length "SHAPE_Length" false true true 8 Double 0 0 ,First,#,D:\Contenedor\Users\mbernate\Desktop\MR\SDP\Entidad_Territorial_y_Unidad_Administrativa_mgn.gdb\ENTIDAD_TERRITORIAL\Localidad,SHAPE_Length,-1,-1;SHAPE_Area "SHAPE_Area" false true true 8 Double 0 0 ,First,#,D:\Contenedor\Users\mbernate\Desktop\MR\SDP\Entidad_Territorial_y_Unidad_Administrativa_mgn.gdb\ENTIDAD_TERRITORIAL\Localidad,SHAPE_Area,-1,-1" #</Process><Process ToolSource="c:\arcgis\desktop10.4\ArcToolbox\Toolboxes\Data Management Tools.tbx\TruncateTable" Date="20170403" Time="153947">TruncateTable "D:\MaríaBernate2013\2017\Mapa de Referencia\MR_0317\Migración\MR_0317.gdb\Entidad_Territorial\Loca"</Process><Process ToolSource="c:\arcgis\desktop10.4\ArcToolbox\Toolboxes\Data Management Tools.tbx\Append" Date="20170403" Time="154308">Append 'D:\MaríaBernate2013\2017\Mapa de Referencia\MR_0317\Entidades\SDP\Entidad_Territorial_y_Unidad_Administrativa_mgn.gdb\ENTIDAD_TERRITORIAL\Localidad' Loca NO_TEST "LocNombre "Nombre de la localidad" true true false 50 Text 0 0 ,First,#,D:\MaríaBernate2013\2017\Mapa de Referencia\MR_0317\Entidades\SDP\Entidad_Territorial_y_Unidad_Administrativa_mgn.gdb\ENTIDAD_TERRITORIAL\Localidad,LocNombre,-1,-1;LocAAdmini "Acto administrativo de la localidad" true true false 50 Text 0 0 ,First,#,D:\MaríaBernate2013\2017\Mapa de Referencia\MR_0317\Entidades\SDP\Entidad_Territorial_y_Unidad_Administrativa_mgn.gdb\ENTIDAD_TERRITORIAL\Localidad,LocAAdmini,-1,-1;LocArea "Area de la localidad" true true false 8 Double 0 0 ,First,#,D:\MaríaBernate2013\2017\Mapa de Referencia\MR_0317\Entidades\SDP\Entidad_Territorial_y_Unidad_Administrativa_mgn.gdb\ENTIDAD_TERRITORIAL\Localidad,LocArea,-1,-1;LocCodigo "Identificador unico de la localidad" true true false 2 Text 0 0 ,First,#,D:\MaríaBernate2013\2017\Mapa de Referencia\MR_0317\Entidades\SDP\Entidad_Territorial_y_Unidad_Administrativa_mgn.gdb\ENTIDAD_TERRITORIAL\Localidad,LocCodigo,-1,-1;SHAPE_Length "SHAPE_Length" false true true 8 Double 0 0 ,First,#,D:\MaríaBernate2013\2017\Mapa de Referencia\MR_0317\Entidades\SDP\Entidad_Territorial_y_Unidad_Administrativa_mgn.gdb\ENTIDAD_TERRITORIAL\Localidad,SHAPE_Length,-1,-1;SHAPE_Area "SHAPE_Area" false true true 8 Double 0 0 ,First,#,D:\MaríaBernate2013\2017\Mapa de Referencia\MR_0317\Entidades\SDP\Entidad_Territorial_y_Unidad_Administrativa_mgn.gdb\ENTIDAD_TERRITORIAL\Localidad,SHAPE_Area,-1,-1" #</Process><Process ToolSource="c:\program files (x86)\arcgis\desktop10.4\ArcToolbox\Toolboxes\Data Management Tools.tbx\TruncateTable" Date="20171002" Time="115441">TruncateTable "D:\MaríaBernate2013\2017\Mapa de Referencia\MR_0917\Migración\MR_0917.gdb\Entidad_Territorial\Loca"</Process><Process ToolSource="c:\program files (x86)\arcgis\desktop10.4\ArcToolbox\Toolboxes\Data Management Tools.tbx\Append" Date="20171003" Time="095508">Append 'D:\MaríaBernate2013\2017\Mapa de Referencia\MR_0917\Entidades\SDP\MR_IDECA_16_09_2017\MR_0917_GEO.gdb\Entidad_Territorial\Loca' "D:\MaríaBernate2013\2017\Mapa de Referencia\MR_0917\Migración\MR_0917.gdb\Entidad_Territorial\Loca" NO_TEST "LocNombre "Nombre de la localidad" true true false 50 Text 0 0 ,First,#,D:\MaríaBernate2013\2017\Mapa de Referencia\MR_0917\Entidades\SDP\MR_IDECA_16_09_2017\MR_0917_GEO.gdb\Entidad_Territorial\Loca,LocNombre,-1,-1;LocAAdmini "Acto administrativo de la localidad" true true false 50 Text 0 0 ,First,#,D:\MaríaBernate2013\2017\Mapa de Referencia\MR_0917\Entidades\SDP\MR_IDECA_16_09_2017\MR_0917_GEO.gdb\Entidad_Territorial\Loca,LocAAdmini,-1,-1;LocArea "Area de la localidad" true true false 8 Double 0 0 ,First,#,D:\MaríaBernate2013\2017\Mapa de Referencia\MR_0917\Entidades\SDP\MR_IDECA_16_09_2017\MR_0917_GEO.gdb\Entidad_Territorial\Loca,LocArea,-1,-1;LocCodigo "Identificador unico de la localidad" true true false 2 Text 0 0 ,First,#,D:\MaríaBernate2013\2017\Mapa de Referencia\MR_0917\Entidades\SDP\MR_IDECA_16_09_2017\MR_0917_GEO.gdb\Entidad_Territorial\Loca,LocCodigo,-1,-1;SHAPE_Length "SHAPE_Length" false true true 8 Double 0 0 ,First,#,D:\MaríaBernate2013\2017\Mapa de Referencia\MR_0917\Entidades\SDP\MR_IDECA_16_09_2017\MR_0917_GEO.gdb\Entidad_Territorial\Loca,SHAPE_Length,-1,-1;SHAPE_Area "SHAPE_Area" false true true 8 Double 0 0 ,First,#,D:\MaríaBernate2013\2017\Mapa de Referencia\MR_0917\Entidades\SDP\MR_IDECA_16_09_2017\MR_0917_GEO.gdb\Entidad_Territorial\Loca,SHAPE_Area,-1,-1" #</Process><Process ToolSource="c:\program files (x86)\arcgis\desktop10.4\ArcToolbox\Toolboxes\Data Management Tools.tbx\TruncateTable" Date="20180110" Time="110814">TruncateTable D:\Contenedor\Users\mbernate\Desktop\MR_1217\Migración\MR_1217.gdb\Entidad_Territorial\Loca</Process><Process ToolSource="c:\program files (x86)\arcgis\desktop10.4\ArcToolbox\Toolboxes\Data Management Tools.tbx\Append" Date="20180110" Time="113256">Append D:\Contenedor\Users\mbernate\Desktop\MR_1217\Entidades\SDP\MR_19_12_2017\MR_0917_GEO.gdb\Entidad_Territorial\Loca D:\Contenedor\Users\mbernate\Desktop\MR_1217\Migración\MR_1217.gdb\Entidad_Territorial\Loca NO_TEST "LocNombre "Nombre de la localidad" true true false 50 Text 0 0 ,First,#,D:\Contenedor\Users\mbernate\Desktop\MR_1217\Entidades\SDP\MR_19_12_2017\MR_0917_GEO.gdb\Entidad_Territorial\Loca,LocNombre,-1,-1;LocAAdmini "Acto administrativo de la localidad" true true false 50 Text 0 0 ,First,#,D:\Contenedor\Users\mbernate\Desktop\MR_1217\Entidades\SDP\MR_19_12_2017\MR_0917_GEO.gdb\Entidad_Territorial\Loca,LocAAdmini,-1,-1;LocArea "Area de la localidad" true true false 8 Double 0 0 ,First,#,D:\Contenedor\Users\mbernate\Desktop\MR_1217\Entidades\SDP\MR_19_12_2017\MR_0917_GEO.gdb\Entidad_Territorial\Loca,LocArea,-1,-1;LocCodigo "Identificador unico de la localidad" true true false 2 Text 0 0 ,First,#,D:\Contenedor\Users\mbernate\Desktop\MR_1217\Entidades\SDP\MR_19_12_2017\MR_0917_GEO.gdb\Entidad_Territorial\Loca,LocCodigo,-1,-1;SHAPE_Length "SHAPE_Length" false true true 8 Double 0 0 ,First,#,D:\Contenedor\Users\mbernate\Desktop\MR_1217\Entidades\SDP\MR_19_12_2017\MR_0917_GEO.gdb\Entidad_Territorial\Loca,SHAPE_Length,-1,-1;SHAPE_Area "SHAPE_Area" false true true 8 Double 0 0 ,First,#,D:\Contenedor\Users\mbernate\Desktop\MR_1217\Entidades\SDP\MR_19_12_2017\MR_0917_GEO.gdb\Entidad_Territorial\Loca,SHAPE_Area,-1,-1" #</Process><Process ToolSource="c:\program files (x86)\arcgis\desktop10.5\ArcToolbox\Toolboxes\Data Management Tools.tbx\Append" Date="20180402" Time="160844">Append D:\MaríaBernate2013\2018\Mapa_Referencia\MR_0318\Entidades\SDP\MR_0318_GEO.gdb\Entidad_Territorial\Loca D:\MaríaBernate2013\2018\Mapa_Referencia\MR_0318\Migración\MR_0318.gdb\Entidad_Territorial\Loca NO_TEST "LocNombre "Nombre de la localidad" true true false 50 Text 0 0 ,First,#,D:\MaríaBernate2013\2018\Mapa_Referencia\MR_0318\Entidades\SDP\MR_0318_GEO.gdb\Entidad_Territorial\Loca,LocNombre,-1,-1;LocAAdmini "Acto administrativo de la localidad" true true false 50 Text 0 0 ,First,#,D:\MaríaBernate2013\2018\Mapa_Referencia\MR_0318\Entidades\SDP\MR_0318_GEO.gdb\Entidad_Territorial\Loca,LocAAdmini,-1,-1;LocArea "Area de la localidad" true true false 8 Double 0 0 ,First,#,D:\MaríaBernate2013\2018\Mapa_Referencia\MR_0318\Entidades\SDP\MR_0318_GEO.gdb\Entidad_Territorial\Loca,LocArea,-1,-1;LocCodigo "Identificador unico de la localidad" true true false 2 Text 0 0 ,First,#,D:\MaríaBernate2013\2018\Mapa_Referencia\MR_0318\Entidades\SDP\MR_0318_GEO.gdb\Entidad_Territorial\Loca,LocCodigo,-1,-1;SHAPE_Length "SHAPE_Length" false true true 8 Double 0 0 ,First,#,D:\MaríaBernate2013\2018\Mapa_Referencia\MR_0318\Entidades\SDP\MR_0318_GEO.gdb\Entidad_Territorial\Loca,SHAPE_Length,-1,-1;SHAPE_Area "SHAPE_Area" false true true 8 Double 0 0 ,First,#,D:\MaríaBernate2013\2018\Mapa_Referencia\MR_0318\Entidades\SDP\MR_0318_GEO.gdb\Entidad_Territorial\Loca,SHAPE_Area,-1,-1" #</Process><Process ToolSource="c:\program files (x86)\arcgis\desktop10.5\ArcToolbox\Toolboxes\Data Management Tools.tbx\Append" Date="20190123" Time="103009">Append D:\2018\MR\MR.V-12.18\03Entrega\SDP\sdpMR_17_12_2018\MR_0918_GEO.gdb\Entidad_Territorial\Loca Localidad TEST # #</Process><Process ToolSource="c:\program files (x86)\arcgis\desktop10.5\ArcToolbox\Toolboxes\Data Management Tools.tbx\Append" Date="20190408" Time="095049">Append D:\Contenedor\Users\dibarra\Documents\2019\Datos_Referencia\V.03.19\Entrega_Inf_Entidades\SDP\MR_0319_GEO.gdb\Entidad_Territorial\Loca D:\Contenedor\Users\dibarra\Documents\2019\Datos_Referencia\V.03.19\BDG_V03.19\GDR_V03.19.gdb\Entidad_Territorial\Loca TEST # #</Process><Process ToolSource="c:\program files (x86)\arcgis\desktop10.5\ArcToolbox\Toolboxes\Data Management Tools.tbx\TruncateTable" Date="20190710" Time="160930">TruncateTable D:\Contenedor\Users\dibarra\Documents\2019\Datos_Referencia\V.06.19\BDG_V06.19\GDR_V06.19.gdb\Entidad_Territorial\Loca</Process><Process ToolSource="c:\program files (x86)\arcgis\desktop10.5\ArcToolbox\Toolboxes\Data Management Tools.tbx\Append" Date="20190710" Time="161145">Append D:\Contenedor\Users\dibarra\Documents\2019\Datos_Referencia\V.06.19\Entrega_Inf_Entidades\SDP\MR_0619_GEO.gdb\Entidad_Territorial\Loca D:\Contenedor\Users\dibarra\Documents\2019\Datos_Referencia\V.06.19\BDG_V06.19\GDR_V06.19.gdb\Entidad_Territorial\Loca TEST # #</Process><Process ToolSource="c:\program files\arcgis\pro\Resources\ArcToolbox\toolboxes\Data Management Tools.tbx\Copy" Date="20230315" Time="125138">Copy "D:\OneDrive - Universite de Montreal\MASTER\SHAPES\locashp\Loca.shp" "C:\Users\lr40293\OneDrive - Universite de Montreal\MASTER\Montréal Conference\AAG 2023\inputs_analisis_multiv\Loca.shp" Shapefile #</Process><Process ToolSource="c:\program files\arcgis\pro\Resources\ArcToolbox\toolboxes\Analysis Tools.tbx\Clip" Date="20230315" Time="130035">Clip loca_prj corteprj "C:\Users\lr40293\OneDrive - Universite de Montreal\MASTER\Montréal Conference\AAG 2023\inputs_analisis_multiv\loca_clip.shp" #</Process><Process ToolSource="c:\program files\arcgis\pro\Resources\ArcToolbox\toolboxes\Data Management Tools.tbx\CalculateField" Date="20230517" Time="154821">CalculateField loca_clip LocNombre !LocNombre!.title() "Python 3" # Text</Process><Process ToolSource="c:\program files\arcgis\pro\Resources\ArcToolbox\toolboxes\Data Management Tools.tbx\UpdateSchema" Date="20230809" Time="130933">UpdateSchema "CIMDATA=&lt;CIMStandardDataConnection xsi:type='typens:CIMStandardDataConnection' xmlns:xsi='http://www.w3.org/2001/XMLSchema-instance' xmlns:xs='http://www.w3.org/2001/XMLSchema' xmlns:typens='http://www.esri.com/schemas/ArcGIS/2.7.0'&gt;&lt;WorkspaceConnectionString&gt;DATABASE=C:\Users\icgyc\OneDrive - Universite de Montreal\MASTER\Montréal Conference\AAG 2023\inputs_analisis_multiv&lt;/WorkspaceConnectionString&gt;&lt;WorkspaceFactory&gt;Shapefile&lt;/WorkspaceFactory&gt;&lt;Dataset&gt;loca_clip&lt;/Dataset&gt;&lt;DatasetType&gt;esriDTFeatureClass&lt;/DatasetType&gt;&lt;/CIMStandardDataConnection&gt;" &lt;operationSequence&gt;&lt;workflow&gt;&lt;AddField&gt;&lt;field_name&gt;Proximity&lt;/field_name&gt;&lt;field_type&gt;DOUBLE&lt;/field_type&gt;&lt;field_is_nullable&gt;False&lt;/field_is_nullable&gt;&lt;field_is_required&gt;False&lt;/field_is_required&gt;&lt;/AddField&gt;&lt;/workflow&gt;&lt;/operationSequence&gt;</Process><Process ToolSource="c:\program files\arcgis\pro\Resources\ArcToolbox\toolboxes\Data Management Tools.tbx\UpdateSchema" Date="20230809" Time="133211">UpdateSchema "CIMDATA=&lt;CIMStandardDataConnection xsi:type='typens:CIMStandardDataConnection' xmlns:xsi='http://www.w3.org/2001/XMLSchema-instance' xmlns:xs='http://www.w3.org/2001/XMLSchema' xmlns:typens='http://www.esri.com/schemas/ArcGIS/2.7.0'&gt;&lt;WorkspaceConnectionString&gt;DATABASE=C:\Users\icgyc\OneDrive - Universite de Montreal\MASTER\Montréal Conference\AAG 2023\inputs_analisis_multiv&lt;/WorkspaceConnectionString&gt;&lt;WorkspaceFactory&gt;Shapefile&lt;/WorkspaceFactory&gt;&lt;Dataset&gt;loca_clip&lt;/Dataset&gt;&lt;DatasetType&gt;esriDTFeatureClass&lt;/DatasetType&gt;&lt;/CIMStandardDataConnection&gt;" &lt;operationSequence&gt;&lt;workflow&gt;&lt;AddField&gt;&lt;field_name&gt;Prox_HQ&lt;/field_name&gt;&lt;field_type&gt;DOUBLE&lt;/field_type&gt;&lt;field_is_nullable&gt;False&lt;/field_is_nullable&gt;&lt;field_is_required&gt;False&lt;/field_is_required&gt;&lt;/AddField&gt;&lt;/workflow&gt;&lt;/operationSequence&gt;</Process><Process ToolSource="c:\program files\arcgis\pro\Resources\ArcToolbox\toolboxes\Data Management Tools.tbx\UpdateSchema" Date="20230809" Time="140949">UpdateSchema "CIMDATA=&lt;CIMStandardDataConnection xsi:type='typens:CIMStandardDataConnection' xmlns:xsi='http://www.w3.org/2001/XMLSchema-instance' xmlns:xs='http://www.w3.org/2001/XMLSchema' xmlns:typens='http://www.esri.com/schemas/ArcGIS/2.7.0'&gt;&lt;WorkspaceConnectionString&gt;DATABASE=C:\Users\icgyc\OneDrive - Universite de Montreal\MASTER\Montréal Conference\AAG 2023\inputs_analisis_multiv&lt;/WorkspaceConnectionString&gt;&lt;WorkspaceFactory&gt;Shapefile&lt;/WorkspaceFactory&gt;&lt;Dataset&gt;loca_clip&lt;/Dataset&gt;&lt;DatasetType&gt;esriDTFeatureClass&lt;/DatasetType&gt;&lt;/CIMStandardDataConnection&gt;" &lt;operationSequence&gt;&lt;workflow&gt;&lt;AddField&gt;&lt;field_name&gt;Prx_withou&lt;/field_name&gt;&lt;field_type&gt;DOUBLE&lt;/field_type&gt;&lt;field_is_nullable&gt;False&lt;/field_is_nullable&gt;&lt;field_is_required&gt;False&lt;/field_is_required&gt;&lt;/AddField&gt;&lt;/workflow&gt;&lt;/operationSequence&gt;</Process><Process ToolSource="c:\program files\arcgis\pro\Resources\ArcToolbox\toolboxes\Data Management Tools.tbx\Copy" Date="20231002" Time="131858">Copy "C:\Users\lr40293\OneDrive - Universite de Montreal\MASTER\Montréal Conference\AAG 2023\inputs_analisis_multiv\loca_clip.shp" "C:\Users\lr40293\OneDrive - Universite de Montreal\Conseil de recherche UdeM\Habitat quality wetlands\Habitat International\Data\outputs\loca_clip.shp" Shapefile #</Process><Process ToolSource="c:\program files\arcgis\pro\Resources\ArcToolbox\toolboxes\Data Management Tools.tbx\Rename" Date="20231002" Time="131904">Rename "C:\Users\lr40293\OneDrive - Universite de Montreal\Conseil de recherche UdeM\Habitat quality wetlands\Habitat International\Data\outputs\loca_clip.shp" "C:\Users\lr40293\OneDrive - Universite de Montreal\Conseil de recherche UdeM\Habitat quality wetlands\Habitat International\Data\outputs\Accessibility.shp" ShapeFile</Process><Process ToolSource="c:\program files\arcgis\pro\Resources\ArcToolbox\toolboxes\Data Management Tools.tbx\DeleteField" Date="20231002" Time="131953">DeleteField Accessibility LocAAdmini;LocArea;LocCodigo;SHAPE_Leng;SHAPE_Area "Delete Fields"</Process><Process ToolSource="c:\program files\arcgis\pro\Resources\ArcToolbox\toolboxes\Data Management Tools.tbx\UpdateSchema" Date="20231002" Time="132028">UpdateSchema "CIMDATA=&lt;CIMStandardDataConnection xsi:type='typens:CIMStandardDataConnection' xmlns:xsi='http://www.w3.org/2001/XMLSchema-instance' xmlns:xs='http://www.w3.org/2001/XMLSchema' xmlns:typens='http://www.esri.com/schemas/ArcGIS/3.1.0'&gt;&lt;WorkspaceConnectionString&gt;DATABASE=C:\Users\lr40293\OneDrive - Universite de Montreal\Conseil de recherche UdeM\Habitat quality wetlands\Habitat International\Data\outputs&lt;/WorkspaceConnectionString&gt;&lt;WorkspaceFactory&gt;Shapefile&lt;/WorkspaceFactory&gt;&lt;Dataset&gt;Accessibility.shp&lt;/Dataset&gt;&lt;DatasetType&gt;esriDTFeatureClass&lt;/DatasetType&gt;&lt;/CIMStandardDataConnection&gt;" &lt;operationSequence&gt;&lt;workflow&gt;&lt;AddField&gt;&lt;field_name&gt;Acc_no_res&lt;/field_name&gt;&lt;field_type&gt;LONG&lt;/field_type&gt;&lt;field_is_nullable&gt;False&lt;/field_is_nullable&gt;&lt;field_is_required&gt;False&lt;/field_is_required&gt;&lt;/AddField&gt;&lt;/workflow&gt;&lt;workflow&gt;&lt;AddField&gt;&lt;field_name&gt;Acc_60min&lt;/field_name&gt;&lt;field_type&gt;LONG&lt;/field_type&gt;&lt;field_is_nullable&gt;False&lt;/field_is_nullable&gt;&lt;field_is_required&gt;False&lt;/field_is_required&gt;&lt;/AddField&gt;&lt;/workflow&gt;&lt;workflow&gt;&lt;AddField&gt;&lt;field_name&gt;Acc_hq&lt;/field_name&gt;&lt;field_type&gt;LONG&lt;/field_type&gt;&lt;field_is_nullable&gt;False&lt;/field_is_nullable&gt;&lt;field_is_required&gt;False&lt;/field_is_required&gt;&lt;/AddField&gt;&lt;/workflow&gt;&lt;/operationSequence&gt;</Process><Process ToolSource="c:\program files\arcgis\pro\Resources\ArcToolbox\toolboxes\Data Management Tools.tbx\CalculateField" Date="20231002" Time="132133">CalculateField Accessibility Acc_no_res !Prx_withou! "Python 3" # Text NO_ENFORCE_DOMAINS</Process><Process ToolSource="c:\program files\arcgis\pro\Resources\ArcToolbox\toolboxes\Data Management Tools.tbx\CalculateField" Date="20231002" Time="132149">CalculateField Accessibility Acc_hq !Prox_HQ! "Python 3" # Text NO_ENFORCE_DOMAINS</Process><Process ToolSource="c:\program files\arcgis\pro\Resources\ArcToolbox\toolboxes\Data Management Tools.tbx\CalculateField" Date="20231002" Time="132202">CalculateField Accessibility Acc_60min !Proximity! "Python 3" # Text NO_ENFORCE_DOMAINS</Process><Process ToolSource="c:\program files\arcgis\pro\Resources\ArcToolbox\toolboxes\Data Management Tools.tbx\DeleteField" Date="20231002" Time="132215">DeleteField Accessibility Proximity;Prox_HQ;Prx_withou "Delete Fields"</Process></lineage><itemProps><itemName Sync="TRUE">loca_clip</itemName><imsContentType Sync="TRUE">002</imsContentType><itemSize Sync="TRUE">0.000</itemSize><itemLocation><linkage Sync="TRUE">file://\\LEDGE02-GEOG\C$\Users\lr40293\OneDrive - Universite de Montreal\Conseil de recherche UdeM\Habitat quality wetlands\Habitat International\Data\outputs\loca_clip</linkage><protocol Sync="TRUE">Local Area Network</protocol></itemLocation></itemProps><coordRef><type Sync="TRUE">Projected</type><geogcsn Sync="TRUE">GCS_MAGNA</geogcsn><csUnits Sync="TRUE">Linear Unit: Meter (1.000000)</csUnits><peXml Sync="TRUE">&lt;ProjectedCoordinateSystem xsi:type='typens:ProjectedCoordinateSystem' xmlns:xsi='http://www.w3.org/2001/XMLSchema-instance' xmlns:xs='http://www.w3.org/2001/XMLSchema' xmlns:typens='http://www.esri.com/schemas/ArcGIS/2.6.0'&gt;&lt;WKT&gt;PROJCS[&amp;quot;MAGNA_Colombia_Bogota&amp;quot;,GEOGCS[&amp;quot;GCS_MAGNA&amp;quot;,DATUM[&amp;quot;D_MAGNA&amp;quot;,SPHEROID[&amp;quot;GRS_1980&amp;quot;,6378137.0,298.257222101]],PRIMEM[&amp;quot;Greenwich&amp;quot;,0.0],UNIT[&amp;quot;Degree&amp;quot;,0.0174532925199433]],PROJECTION[&amp;quot;Transverse_Mercator&amp;quot;],PARAMETER[&amp;quot;False_Easting&amp;quot;,1000000.0],PARAMETER[&amp;quot;False_Northing&amp;quot;,1000000.0],PARAMETER[&amp;quot;Central_Meridian&amp;quot;,-74.07750791666666],PARAMETER[&amp;quot;Scale_Factor&amp;quot;,1.0],PARAMETER[&amp;quot;Latitude_Of_Origin&amp;quot;,4.596200416666666],UNIT[&amp;quot;Meter&amp;quot;,1.0],AUTHORITY[&amp;quot;EPSG&amp;quot;,3116]]&lt;/WKT&gt;&lt;XOrigin&gt;-4623200&lt;/XOrigin&gt;&lt;YOrigin&gt;-9510300&lt;/YOrigin&gt;&lt;XYScale&gt;450265407.00157917&lt;/XYScale&gt;&lt;ZOrigin&gt;-100000&lt;/ZOrigin&gt;&lt;ZScale&gt;10000&lt;/ZScale&gt;&lt;MOrigin&gt;-100000&lt;/MOrigin&gt;&lt;MScale&gt;10000&lt;/MScale&gt;&lt;XYTolerance&gt;0.001&lt;/XYTolerance&gt;&lt;ZTolerance&gt;0.001&lt;/ZTolerance&gt;&lt;MTolerance&gt;0.001&lt;/MTolerance&gt;&lt;HighPrecision&gt;true&lt;/HighPrecision&gt;&lt;WKID&gt;3116&lt;/WKID&gt;&lt;LatestWKID&gt;3116&lt;/LatestWKID&gt;&lt;/ProjectedCoordinateSystem&gt;</peXml><projcsn Sync="TRUE">MAGNA_Colombia_Bogota</projcsn></coordRef><copyHistory><copy source="C:\Users\lr40293\OneDrive - Universite de Montreal\MASTER\Montréal Conference\AAG 2023\inputs_analisis_multiv\loca_clip" dest="\\LEDGE02-GEOG\C$\Users\lr40293\OneDrive - Universite de Montreal\Conseil de recherche UdeM\Habitat quality wetlands\Habitat International\Data\outputs\loca_clip" date="20231002" time="13185800"></copy></copyHistory></DataProperties><SyncDate>20230315</SyncDate><SyncTime>13003500</SyncTime><ModDate>20230315</ModDate><ModTime>13003500</ModTime></Esri><dataIdInfo><envirDesc Sync="TRUE">Microsoft Windows 10 Version 10.0 (Build 19044) ; Esri ArcGIS 12.6.0.24783</envirDesc><dataLang><languageCode value="fra" Sync="TRUE"></languageCode><countryCode value="FRA" Sync="TRUE"></countryCode></dataLang><idCitation><resTitle Sync="TRUE">loca_clip</resTitle><presForm><PresFormCd value="005" Sync="TRUE"></PresFormCd></presForm></idCitation><spatRpType><SpatRepTypCd value="001" Sync="TRUE"></SpatRepTypCd></spatRpType></dataIdInfo><mdLang><languageCode value="fra" Sync="TRUE"></languageCode><countryCode value="FRA" Sync="TRUE"></countryCode></mdLang><distInfo><distFormat><formatName Sync="TRUE">Shapefile</formatName></distFormat><distTranOps><transSize Sync="TRUE">0.000</transSize></distTranOps></distInfo><mdHrLv><ScopeCd value="005" Sync="TRUE"></ScopeCd></mdHrLv><mdHrLvName Sync="TRUE">dataset</mdHrLvName><refSysInfo><RefSystem><refSysID><identCode code="3116" Sync="TRUE"></identCode><idCodeSpace Sync="TRUE">EPSG</idCodeSpace><idVersion Sync="TRUE">8.6(9.2.0)</idVersion></refSysID></RefSystem></refSysInfo><spatRepInfo><VectSpatRep><geometObjs Name="loca_clip"><geoObjTyp><GeoObjTypCd value="002" Sync="TRUE"></GeoObjTypCd></geoObjTyp><geoObjCnt Sync="TRUE">0</geoObjCnt></geometObjs><topLvl><TopoLevCd value="001" Sync="TRUE"></TopoLevCd></topLvl></VectSpatRep></spatRepInfo><spdoinfo><ptvctinf><esriterm Name="loca_clip"><efeatyp Sync="TRUE">Simple</efeatyp><efeageom code="4" Sync="TRUE"></efeageom><esritopo Sync="TRUE">FALSE</esritopo><efeacnt Sync="TRUE">0</efeacnt><spindex Sync="TRUE">FALSE</spindex><linrefer Sync="TRUE">FALSE</linrefer></esriterm></ptvctinf></spdoinfo><eainfo><detailed Name="loca_clip"><enttyp><enttypl Sync="TRUE">loca_clip</enttypl><enttypt Sync="TRUE">Feature Class</enttypt><enttypc Sync="TRUE">0</enttypc></enttyp><attr><attrlabl Sync="TRUE">FID</attrlabl><attalias Sync="TRUE">FID</attalias><attrtype Sync="TRUE">OID</attrtype><attwidth Sync="TRUE">4</attwidth><atprecis Sync="TRUE">0</atprecis><attscale Sync="TRUE">0</attscale><attrdef Sync="TRUE">Internal feature number.</attrdef><attrdefs Sync="TRUE">Esri</attrdefs><attrdomv><udom Sync="TRUE">Sequential unique whole numbers that are automatically generated.</udom></attrdomv></attr><attr><attrlabl Sync="TRUE">Shape</attrlabl><attalias Sync="TRUE">Shape</attalias><attrtype Sync="TRUE">Geometry</attrtype><attwidth Sync="TRUE">0</attwidth><atprecis Sync="TRUE">0</atprecis><attscale Sync="TRUE">0</attscale><attrdef Sync="TRUE">Feature geometry.</attrdef><attrdefs Sync="TRUE">Esri</attrdefs><attrdomv><udom Sync="TRUE">Coordinates defining the features.</udom></attrdomv></attr><attr><attrlabl Sync="TRUE">LocNombre</attrlabl><attalias Sync="TRUE">LocNombre</attalias><attrtype Sync="TRUE">String</attrtype><attwidth Sync="TRUE">50</attwidth><atprecis Sync="TRUE">0</atprecis><attscale Sync="TRUE">0</attscale></attr><attr><attrlabl Sync="TRUE">LocAAdmini</attrlabl><attalias Sync="TRUE">LocAAdmini</attalias><attrtype Sync="TRUE">String</attrtype><attwidth Sync="TRUE">50</attwidth><atprecis Sync="TRUE">0</atprecis><attscale Sync="TRUE">0</attscale></attr><attr><attrlabl Sync="TRUE">LocArea</attrlabl><attalias Sync="TRUE">LocArea</attalias><attrtype Sync="TRUE">Double</attrtype><attwidth Sync="TRUE">19</attwidth><atprecis Sync="TRUE">0</atprecis><attscale Sync="TRUE">0</attscale></attr><attr><attrlabl Sync="TRUE">LocCodigo</attrlabl><attalias Sync="TRUE">LocCodigo</attalias><attrtype Sync="TRUE">String</attrtype><attwidth Sync="TRUE">2</attwidth><atprecis Sync="TRUE">0</atprecis><attscale Sync="TRUE">0</attscale></attr><attr><attrlabl Sync="TRUE">SHAPE_Leng</attrlabl><attalias Sync="TRUE">SHAPE_Leng</attalias><attrtype Sync="TRUE">Double</attrtype><attwidth Sync="TRUE">19</attwidth><atprecis Sync="TRUE">0</atprecis><attscale Sync="TRUE">0</attscale></attr><attr><attrlabl Sync="TRUE">SHAPE_Area</attrlabl><attalias Sync="TRUE">SHAPE_Area</attalias><attrtype Sync="TRUE">Double</attrtype><attwidth Sync="TRUE">19</attwidth><atprecis Sync="TRUE">0</atprecis><attscale Sync="TRUE">0</attscale><attrdef Sync="TRUE">Area of feature in internal units squared.</attrdef><attrdefs Sync="TRUE">Esri</attrdefs><attrdomv><udom Sync="TRUE">Positive real numbers that are automatically generated.</udom></attrdomv></attr></detailed></eainfo><mdDateSt Sync="TRUE">20230315</mdDateSt><mdChar><CharSetCd value="004" Sync="TRUE"></CharSetCd></mdChar></metadata>
