<?xml version="1.0" encoding="UTF-8"?>
<metadata xml:lang="en"><Esri><CreaDate>20231002</CreaDate><CreaTime>13030500</CreaTime><ArcGISFormat>1.0</ArcGISFormat><SyncOnce>TRUE</SyncOnce><DataProperties><lineage><Process ToolSource="c:\program files\arcgis\pro\Resources\ArcToolbox\toolboxes\Conversion Tools.tbx\FeatureClassToFeatureClass" Date="20230807" Time="142819">FeatureClassToFeatureClass upz_geoda_article3 "C:\Users\icgyc\OneDrive - Universite de Montreal\MASTER\Article 3" upz_datall.shp # "OBJECTID "OBJECTID" true true false 19 Double 11 18,First,#,upz_geoda_article3,upz_geoda_article3.OBJECTID,-1,-1;UPlCodigo "UPlCodigo" true true false 50 Text 0 0,First,#,upz_geoda_article3,upz_geoda_article3.UPlCodigo,0,50;UPlNombre "UPlNombre" true true false 50 Text 0 0,First,#,upz_geoda_article3,upz_geoda_article3.UPlNombre,0,50;SHAPE_Leng "SHAPE_Leng" true true false 19 Double 11 18,First,#,upz_geoda_article3,upz_geoda_article3.SHAPE_Leng,-1,-1;LocNombre "LocNombre" true true false 50 Text 0 0,First,#,upz_geoda_article3,upz_geoda_article3.LocNombre,0,50;LocCodigo "LocCodigo" true true false 2 Text 0 0,First,#,upz_geoda_article3,upz_geoda_article3.LocCodigo,0,2;hq_22 "hq_22" true true false 19 Double 11 18,First,#,upz_geoda_article3,upz_geoda_article3.hq_22,-1,-1;hd_22 "hd_22" true true false 19 Double 11 18,First,#,upz_geoda_article3,upz_geoda_article3.hd_22,-1,-1;Name "Name" true true false 200 Text 0 0,First,#,upz_geoda_article3,upz_geoda_article3.Name,0,200;hq98 "hq98" true true false 19 Double 11 18,First,#,upz_geoda_article3,upz_geoda_article3.hq98,-1,-1;hd98 "hd98" true true false 19 Double 11 18,First,#,upz_geoda_article3,upz_geoda_article3.hd98,-1,-1;hq_10 "hq_10" true true false 19 Double 11 18,First,#,upz_geoda_article3,upz_geoda_article3.hq_10,-1,-1;hd_10 "hd_10" true true false 19 Double 11 18,First,#,upz_geoda_article3,upz_geoda_article3.hd_10,-1,-1;hq_34 "hq_34" true true false 19 Double 11 18,First,#,upz_geoda_article3,upz_geoda_article3.hq_34,-1,-1;hd_34 "hd_34" true true false 19 Double 11 18,First,#,upz_geoda_article3,upz_geoda_article3.hd_34,-1,-1;LISA_98 "LISA_98" true true false 24 Double 15 23,First,#,upz_geoda_article3,upz_geoda_article3.LISA_98,-1,-1;LISA_CL98 "LISA_CL98" true true false 20 Double 0 20,First,#,upz_geoda_article3,upz_geoda_article3.LISA_CL98,-1,-1;LISA_P98 "LISA_P98" true true false 24 Double 15 23,First,#,upz_geoda_article3,upz_geoda_article3.LISA_P98,-1,-1;LISA_10 "LISA_10" true true false 24 Double 15 23,First,#,upz_geoda_article3,upz_geoda_article3.LISA_10,-1,-1;LISA_CL10 "LISA_CL10" true true false 20 Double 0 20,First,#,upz_geoda_article3,upz_geoda_article3.LISA_CL10,-1,-1;LISA_P10 "LISA_P10" true true false 24 Double 15 23,First,#,upz_geoda_article3,upz_geoda_article3.LISA_P10,-1,-1;LISA_I34 "LISA_I34" true true false 24 Double 15 23,First,#,upz_geoda_article3,upz_geoda_article3.LISA_I34,-1,-1;LISA_CL34 "LISA_CL34" true true false 20 Double 0 20,First,#,upz_geoda_article3,upz_geoda_article3.LISA_CL34,-1,-1;LISA_P34 "LISA_P34" true true false 24 Double 15 23,First,#,upz_geoda_article3,upz_geoda_article3.LISA_P34,-1,-1;near_wetl "near_wetl" true true false 10 Long 0 10,First,#,upz_geoda_article3,censo_var_map_prj.near_wetl,-1,-1;hq "hq" true true false 19 Double 11 18,First,#,upz_geoda_article3,censo_var_map_prj.hq,-1,-1;hd "hd" true true false 19 Double 11 18,First,#,upz_geoda_article3,censo_var_map_prj.hd,-1,-1;hq_prox "hq_prox" true true false 19 Double 11 18,First,#,upz_geoda_article3,censo_var_map_prj.hq_prox,-1,-1;hq_area "hq_area" true true false 19 Double 11 18,First,#,upz_geoda_article3,censo_var_map_prj.hq_area,-1,-1;hq_highest "hq_highest" true true false 19 Double 11 18,First,#,upz_geoda_article3,censo_var_map_prj.hq_highest,-1,-1;hd_prox "hd_prox" true true false 19 Double 11 18,First,#,upz_geoda_article3,censo_var_map_prj.hd_prox,-1,-1;hd_area "hd_area" true true false 19 Double 11 18,First,#,upz_geoda_article3,censo_var_map_prj.hd_area,-1,-1;hd_highest "hd_highest" true true false 19 Double 11 18,First,#,upz_geoda_article3,censo_var_map_prj.hd_highest,-1,-1;Education "Education" true true false 19 Double 11 18,First,#,upz_geoda_article3,censo_var_map_prj.Education,-1,-1;Prosperity "Prosperity" true true false 19 Double 11 18,First,#,upz_geoda_article3,censo_var_map_prj.Prosperity,-1,-1;Health "Health" true true false 19 Double 11 18,First,#,upz_geoda_article3,censo_var_map_prj.Health,-1,-1;Housing_qu "Housing_qu" true true false 19 Double 11 18,First,#,upz_geoda_article3,censo_var_map_prj.Housing_qu,-1,-1;Connectivi "Connectivi" true true false 19 Double 11 18,First,#,upz_geoda_article3,censo_var_map_prj.Connectivi,-1,-1;Security "Security" true true false 19 Double 11 18,First,#,upz_geoda_article3,censo_var_map_prj.Security,-1,-1;no_hogares "no_hogares" true true false 19 Double 11 18,First,#,upz_geoda_article3,censo_var_map_prj.no_hogares,-1,-1;ICV_2021 "ICV_2021" true true false 19 Double 11 18,First,#,upz_geoda_article3,censo_var_map_prj.ICV_2021,-1,-1;Educ10 "Educ10" true true false 19 Double 11 18,First,#,upz_geoda_article3,censo_var_map_prj.Educ10,-1,-1;Prospe10 "Prospe10" true true false 19 Double 11 18,First,#,upz_geoda_article3,censo_var_map_prj.Prospe10,-1,-1;Health10 "Health10" true true false 19 Double 11 18,First,#,upz_geoda_article3,censo_var_map_prj.Health10,-1,-1;Houseq10 "Houseq10" true true false 19 Double 11 18,First,#,upz_geoda_article3,censo_var_map_prj.Houseq10,-1,-1;Connec10 "Connec10" true true false 19 Double 11 18,First,#,upz_geoda_article3,censo_var_map_prj.Connec10,-1,-1;Securi10 "Securi10" true true false 19 Double 11 18,First,#,upz_geoda_article3,censo_var_map_prj.Securi10,-1,-1;hogares10 "hogares10" true true false 19 Double 11 18,First,#,upz_geoda_article3,censo_var_map_prj.hogares10,-1,-1;icv_10 "icv_10" true true false 19 Double 11 18,First,#,upz_geoda_article3,censo_var_map_prj.icv_10,-1,-1;Edu22 "Edu22" true true false 19 Double 11 18,First,#,upz_geoda_article3,censo_var_map_prj.Edu22,-1,-1;Pros22 "Pros22" true true false 19 Double 11 18,First,#,upz_geoda_article3,censo_var_map_prj.Pros22,-1,-1;Heal22 "Heal22" true true false 19 Double 11 18,First,#,upz_geoda_article3,censo_var_map_prj.Heal22,-1,-1;Housi22 "Housi22" true true false 19 Double 11 18,First,#,upz_geoda_article3,censo_var_map_prj.Housi22,-1,-1;Conn22 "Conn22" true true false 19 Double 11 18,First,#,upz_geoda_article3,censo_var_map_prj.Conn22,-1,-1;Sec22 "Sec22" true true false 19 Double 11 18,First,#,upz_geoda_article3,censo_var_map_prj.Sec22,-1,-1;ICV21 "ICV21" true true false 19 Double 11 18,First,#,upz_geoda_article3,censo_var_map_prj.ICV21,-1,-1;hq98_1 "hq98" true true false 19 Double 11 18,First,#,upz_geoda_article3,censo_var_map_prj.hq98,-1,-1;hd98_1 "hd98" true true false 19 Double 11 18,First,#,upz_geoda_article3,censo_var_map_prj.hd98,-1,-1;hq10_icvI "hq10_icvI" true true false 19 Double 15 18,First,#,upz_geoda_article3,censo_var_map_prj.hq10_icvI,-1,-1;hq10_icvCL "hq10_icvCL" true true false 19 Double 0 19,First,#,upz_geoda_article3,censo_var_map_prj.hq10_icvCL,-1,-1;hq10_icvP "hq10_icvP" true true false 19 Double 15 18,First,#,upz_geoda_article3,censo_var_map_prj.hq10_icvP,-1,-1;HQ22icv_I "HQ22icv_I" true true false 19 Double 15 18,First,#,upz_geoda_article3,censo_var_map_prj.HQ22icv_I,-1,-1;HQ22icv_CL "HQ22icv_CL" true true false 19 Double 0 19,First,#,upz_geoda_article3,censo_var_map_prj.HQ22icv_CL,-1,-1;HQ22icv_P "HQ22icv_P" true true false 19 Double 15 18,First,#,upz_geoda_article3,censo_var_map_prj.HQ22icv_P,-1,-1;hq10_d "hq10_d" true true false 19 Double 0 0,First,#,upz_geoda_article3,censo_var_map_prj.hq10_d,-1,-1;hq22_d "hq22_d" true true false 19 Double 0 0,First,#,upz_geoda_article3,censo_var_map_prj.hq22_d,-1,-1;icv22 "icv22" true true false 19 Double 0 0,First,#,upz_geoda_article3,censo_var_map_prj.icv22,-1,-1;conect22 "conect22" true true false 19 Double 0 0,First,#,upz_geoda_article3,censo_var_map_prj.conect22,-1,-1;securi22 "securi22" true true false 19 Double 0 0,First,#,upz_geoda_article3,censo_var_map_prj.securi22,-1,-1;prospe22 "prospe22" true true false 19 Double 0 0,First,#,upz_geoda_article3,censo_var_map_prj.prospe22,-1,-1;houQ22 "houQ22" true true false 19 Double 0 0,First,#,upz_geoda_article3,censo_var_map_prj.houQ22,-1,-1;educ22 "educ22" true true false 19 Double 0 0,First,#,upz_geoda_article3,censo_var_map_prj.educ22,-1,-1;healt22 "healt22" true true false 19 Double 0 0,First,#,upz_geoda_article3,censo_var_map_prj.healt22,-1,-1" #</Process><Process ToolSource="c:\program files\arcgis\pro\Resources\ArcToolbox\toolboxes\Data Management Tools.tbx\CalculateField" Date="20230807" Time="150849">CalculateField upz_datall LocNombre "BOSA" "Python 3" # Text</Process><Process ToolSource="c:\program files\arcgis\pro\Resources\ArcToolbox\toolboxes\Data Management Tools.tbx\CalculateField" Date="20230807" Time="150937">CalculateField upz_datall LocNombre "CIUDAD BOLIVAR" "Python 3" # Text</Process><Process ToolSource="c:\program files\arcgis\pro\Resources\ArcToolbox\toolboxes\Data Management Tools.tbx\CalculateField" Date="20230807" Time="151020">CalculateField upz_datall LocNombre "ENGATIVA" "Python 3" # Text</Process><Process ToolSource="c:\program files\arcgis\pro\Resources\ArcToolbox\toolboxes\Data Management Tools.tbx\CalculateField" Date="20230807" Time="151053">CalculateField upz_datall LocNombre "FONTIBON" "Python 3" # Text</Process><Process ToolSource="c:\program files\arcgis\pro\Resources\ArcToolbox\toolboxes\Data Management Tools.tbx\CalculateField" Date="20230807" Time="151150">CalculateField upz_datall LocNombre "SUBA" "Python 3" # Text</Process><Process ToolSource="c:\program files\arcgis\pro\Resources\ArcToolbox\toolboxes\Data Management Tools.tbx\CalculateField" Date="20230807" Time="151240">CalculateField upz_datall LocNombre "USAQUEN" "Python 3" # Text</Process><Process ToolSource="c:\program files\arcgis\pro\Resources\ArcToolbox\toolboxes\Data Management Tools.tbx\DeleteField" Date="20230807" Time="151558">DeleteField upz_datall hq10_d;hq22_d;icv22;conect22;securi22;prospe22;houQ22;educ22;healt22</Process><Process ToolSource="c:\program files\arcgis\pro\Resources\ArcToolbox\toolboxes\Data Management Tools.tbx\DeleteField" Date="20230807" Time="151621">DeleteField upz_datall hq_22;hd_22;Name;hq98;hd98;hq_10;hd_10;hq_34;hd_34;LISA_98;LISA_CL98;LISA_P98;LISA_10;LISA_CL10;LISA_P10;LISA_I34;LISA_CL34;LISA_P34;near_wetl;hq;hd;hq_prox;hq_area;hq_highest;hd_prox;hd_area;hd_highest;Education;Prosperity;Health;Housing_qu;Connectivi;Security;no_hogares;ICV_2021;Educ10;Prospe10;Health10;Houseq10;Connec10;Securi10;hogares10;icv_10;Edu22;Pros22;Heal22;Housi22;Conn22;Sec22;ICV21;hq98_1;hd98_1;hq10_icvI;hq10_icvCL;hq10_icvP;HQ22icv_I;HQ22icv_CL;HQ22icv_P</Process><Process ToolSource="c:\program files\arcgis\pro\Resources\ArcToolbox\toolboxes\Data Management Tools.tbx\JoinField" Date="20230807" Time="151812">JoinField upz_datall LocNombre "C:\Users\icgyc\OneDrive - Universite de Montreal\MASTER\Montréal Conference\AAG 2023\censo.xlsx\T_2011$_" Localidad Connectivity;Education;Health;Housing_quality;ICV_2010;Prosperity;Security</Process><Process ToolSource="c:\program files\arcgis\pro\Resources\ArcToolbox\toolboxes\Data Management Tools.tbx\DeleteField" Date="20230807" Time="151838">DeleteField upz_datall Education;Prosperity;Health;Housing_qu;Connectivi;Security;ICV_2010</Process><Process ToolSource="c:\program files\arcgis\pro\Resources\ArcToolbox\toolboxes\Data Management Tools.tbx\JoinField" Date="20230807" Time="152050">JoinField upz_datall LocNombre "C:\Users\icgyc\OneDrive - Universite de Montreal\MASTER\Montréal Conference\AAG 2023\inputs_analisis_multiv\censo_var_map_prj.shp" LocNombre Conn22;Connec10;Edu22;Educ10;healt22;Houseq10;Housi22;hq_10;hq22_d;icv_10;icv22;Pros22;Prospe10;Sec22;Securi10;Health10</Process><Process ToolSource="c:\program files\arcgis\pro\Resources\ArcToolbox\toolboxes\Data Management Tools.tbx\DeleteField" Date="20230807" Time="152604">DeleteField upz_datall hq_10</Process><Process ToolSource="c:\program files\arcgis\pro\Resources\ArcToolbox\toolboxes\Data Management Tools.tbx\DeleteField" Date="20230807" Time="152612">DeleteField upz_datall hq22_d</Process><Process ToolSource="c:\program files\arcgis\pro\Resources\ArcToolbox\toolboxes\Data Management Tools.tbx\DeleteField" Date="20230807" Time="153604">DeleteField upz_datall icv_10</Process><Process ToolSource="c:\program files\arcgis\pro\Resources\ArcToolbox\toolboxes\Data Management Tools.tbx\DeleteField" Date="20230807" Time="153617">DeleteField upz_datall icv22</Process><Process ToolSource="c:\program files\arcgis\pro\Resources\ArcToolbox\toolboxes\Analysis Tools.tbx\Near" Date="20230807" Time="153627">Near upz_datall wetlands_20101 # NO_LOCATION NO_ANGLE Planar "NEAR_FID NEAR_FID;NEAR_DIST NEAR_DIST"</Process><Process ToolSource="c:\program files\arcgis\pro\Resources\ArcToolbox\toolboxes\Data Management Tools.tbx\JoinField" Date="20230807" Time="153803">JoinField upz_datall NEAR_FID wetlands_20101 FID hq_10;Name</Process><Process ToolSource="c:\program files\arcgis\pro\Resources\ArcToolbox\toolboxes\Data Management Tools.tbx\DeleteField" Date="20230807" Time="153831">DeleteField upz_datall NEAR_DIST</Process><Process ToolSource="c:\program files\arcgis\pro\Resources\ArcToolbox\toolboxes\Data Management Tools.tbx\DeleteField" Date="20230807" Time="154242">DeleteField upz_datall NEAR_FID</Process><Process ToolSource="c:\program files\arcgis\pro\Resources\ArcToolbox\toolboxes\Data Management Tools.tbx\JoinField" Date="20230807" Time="154606">JoinField upz_datall Name wetlands_2022 Name HQ_22</Process><Process ToolSource="c:\program files\arcgis\pro\Resources\ArcToolbox\toolboxes\Data Management Tools.tbx\JoinField" Date="20230807" Time="154843">JoinField upz_datall LocNombre "C:\Users\icgyc\OneDrive - Universite de Montreal\MASTER\Montréal Conference\AAG 2023\censo.xlsx\T_2011$_" Localidad ICV_2010</Process><Process ToolSource="c:\program files\arcgis\pro\Resources\ArcToolbox\toolboxes\Data Management Tools.tbx\DeleteField" Date="20230807" Time="154855">DeleteField upz_datall ICV_2010</Process><Process ToolSource="c:\program files\arcgis\pro\Resources\ArcToolbox\toolboxes\Data Management Tools.tbx\JoinField" Date="20230807" Time="154943">JoinField upz_datall LocNombre "C:\Users\icgyc\OneDrive - Universite de Montreal\MASTER\Montréal Conference\AAG 2023\inputs_analisis_multiv\censo_var_map_prj.shp" LocNombre icv_10;ICV_2021</Process><Process ToolSource="c:\program files\arcgis\pro\Resources\ArcToolbox\toolboxes\Data Management Tools.tbx\JoinField" Date="20230808" Time="111033">JoinField upz_datall Name wetlands_1998 Name hq98</Process><Process ToolSource="c:\program files\arcgis\pro\Resources\ArcToolbox\toolboxes\Data Management Tools.tbx\JoinField" Date="20230810" Time="123156">JoinField upz_datall Name wetlands_2034 Name hq_34</Process><Process ToolSource="c:\program files\arcgis\pro\Resources\ArcToolbox\toolboxes\Data Management Tools.tbx\Copy" Date="20231002" Time="130305">Copy "C:\Users\lr40293\OneDrive - Universite de Montreal\Conseil de recherche UdeM\Habitat quality wetlands\upz_datall.shp" "C:\Users\lr40293\OneDrive - Universite de Montreal\Conseil de recherche UdeM\Habitat quality wetlands\Habitat International\Data\outputs\upz_datall.shp" Shapefile #</Process><Process ToolSource="c:\program files\arcgis\pro\Resources\ArcToolbox\toolboxes\Data Management Tools.tbx\Rename" Date="20231002" Time="130315">Rename "C:\Users\lr40293\OneDrive - Universite de Montreal\Conseil de recherche UdeM\Habitat quality wetlands\Habitat International\Data\outputs\upz_datall.shp" "C:\Users\lr40293\OneDrive - Universite de Montreal\Conseil de recherche UdeM\Habitat quality wetlands\Habitat International\Data\outputs\spatial_autocorrelation.shp" ShapeFile</Process><Process ToolSource="c:\program files\arcgis\pro\Resources\ArcToolbox\toolboxes\Data Management Tools.tbx\DeleteField" Date="20231002" Time="130510">DeleteField spatial_autocorrelation OBJECTID;UPlCodigo;UPlNombre;SHAPE_Leng;LocNombre;LocCodigo;Educ10;Prospe10;Health10;Houseq10;Connec10;Securi10;Edu22;Pros22;Housi22;Conn22;Sec22;healt22;hq_10;Name;HQ_22;ICV_2021;icv_10;LHQ_ICV10;CLHQ_ICV10;PHQ_ICV10;LHQ_ICV22;CLHQ_ICV22;PHQ_ICV22;LISA_Ihq10;LISA_hq10;LISA_Phq10;LISA_Ihq22;LISA_Phq22;hq98;hq_34;LISA_Ihq34;LISA_Phq34;LISAIhq98;LISA_Phq98 "Delete Fields"</Process><Process ToolSource="c:\program files\arcgis\pro\Resources\ArcToolbox\toolboxes\Data Management Tools.tbx\UpdateSchema" Date="20231002" Time="130632">UpdateSchema "CIMDATA=&lt;CIMStandardDataConnection xsi:type='typens:CIMStandardDataConnection' xmlns:xsi='http://www.w3.org/2001/XMLSchema-instance' xmlns:xs='http://www.w3.org/2001/XMLSchema' xmlns:typens='http://www.esri.com/schemas/ArcGIS/3.1.0'&gt;&lt;WorkspaceConnectionString&gt;DATABASE=C:\Users\lr40293\OneDrive - Universite de Montreal\Conseil de recherche UdeM\Habitat quality wetlands\Habitat International\Data\outputs&lt;/WorkspaceConnectionString&gt;&lt;WorkspaceFactory&gt;Shapefile&lt;/WorkspaceFactory&gt;&lt;Dataset&gt;spatial_autocorrelation.shp&lt;/Dataset&gt;&lt;DatasetType&gt;esriDTFeatureClass&lt;/DatasetType&gt;&lt;/CIMStandardDataConnection&gt;" &lt;operationSequence&gt;&lt;workflow&gt;&lt;AddField&gt;&lt;field_name&gt;LISA98&lt;/field_name&gt;&lt;field_type&gt;DOUBLE&lt;/field_type&gt;&lt;field_is_nullable&gt;False&lt;/field_is_nullable&gt;&lt;field_is_required&gt;False&lt;/field_is_required&gt;&lt;/AddField&gt;&lt;/workflow&gt;&lt;workflow&gt;&lt;AddField&gt;&lt;field_name&gt;LISA22&lt;/field_name&gt;&lt;field_type&gt;DOUBLE&lt;/field_type&gt;&lt;field_is_nullable&gt;False&lt;/field_is_nullable&gt;&lt;field_is_required&gt;False&lt;/field_is_required&gt;&lt;/AddField&gt;&lt;/workflow&gt;&lt;workflow&gt;&lt;AddField&gt;&lt;field_name&gt;LISA34&lt;/field_name&gt;&lt;field_type&gt;DOUBLE&lt;/field_type&gt;&lt;field_is_nullable&gt;False&lt;/field_is_nullable&gt;&lt;field_is_required&gt;False&lt;/field_is_required&gt;&lt;/AddField&gt;&lt;/workflow&gt;&lt;/operationSequence&gt;</Process><Process ToolSource="c:\program files\arcgis\pro\Resources\ArcToolbox\toolboxes\Data Management Tools.tbx\CalculateField" Date="20231002" Time="130648">CalculateField spatial_autocorrelation LISA98 !LISAclhq98! "Python 3" # Text NO_ENFORCE_DOMAINS</Process><Process ToolSource="c:\program files\arcgis\pro\Resources\ArcToolbox\toolboxes\Data Management Tools.tbx\CalculateField" Date="20231002" Time="130657">CalculateField spatial_autocorrelation LISA22 !LISCLhq22! "Python 3" # Text NO_ENFORCE_DOMAINS</Process><Process ToolSource="c:\program files\arcgis\pro\Resources\ArcToolbox\toolboxes\Data Management Tools.tbx\CalculateField" Date="20231002" Time="130706">CalculateField spatial_autocorrelation LISA34 !LISAclhq34! "Python 3" # Text NO_ENFORCE_DOMAINS</Process><Process ToolSource="c:\program files\arcgis\pro\Resources\ArcToolbox\toolboxes\Data Management Tools.tbx\DeleteField" Date="20231002" Time="130714">DeleteField spatial_autocorrelation LISCLhq22;LISAclhq34;LISAclhq98 "Delete Fields"</Process></lineage><itemProps><itemLocation><linkage Sync="TRUE">file://\\LEDGE02-GEOG\C$\Users\lr40293\OneDrive - Universite de Montreal\Conseil de recherche UdeM\Habitat quality wetlands\Habitat International\Data\outputs\upz_datall</linkage><protocol Sync="TRUE">Local Area Network</protocol></itemLocation></itemProps><copyHistory><copy source="C:\Users\lr40293\OneDrive - Universite de Montreal\Conseil de recherche UdeM\Habitat quality wetlands\upz_datall" dest="\\LEDGE02-GEOG\C$\Users\lr40293\OneDrive - Universite de Montreal\Conseil de recherche UdeM\Habitat quality wetlands\Habitat International\Data\outputs\upz_datall" date="20231002" time="13030500"></copy></copyHistory><LayerFile>{"type":"CIMLayerDocument","version":"2.7.0","build":26828,"layers":["CIMPATH=hq10_lisa/5b6da1b4149f4b35952224a84c6371eb.xml"],"layerDefinitions":[{"type":"CIMFeatureLayer","name":"upz_datall","uRI":"CIMPATH=hq10_lisa/5b6da1b4149f4b35952224a84c6371eb.xml","sourceModifiedTime":{"type":"TimeInstant"},"useSourceMetadata":true,"description":"upz_datall","layerElevation":{"type":"CIMLayerElevationSurface","mapElevationID":"{FC82AA8C-876E-4A63-B3DE-554A17550111}"},"expanded":true,"layerType":"Operational","showLegends":true,"visibility":true,"displayCacheType":"Permanent","maxDisplayCacheAge":5,"showPopups":true,"serviceLayerID":-1,"refreshRate":-1,"refreshRateUnit":"esriTimeUnitsSeconds","blendingMode":"Alpha","autoGenerateFeatureTemplates":true,"featureElevationExpression":"0","featureTable":{"type":"CIMFeatureTable","displayField":"Name","editable":true,"dataConnection":{"type":"CIMStandardDataConnection"},"studyAreaSpatialRel":"esriSpatialRelUndefined","searchOrder":"esriSearchOrderSpatial"},"htmlPopupEnabled":true,"selectable":true,"featureCacheType":"Session","displayFiltersType":"ByScale","featureBlendingMode":"Alpha","labelClasses":[{"type":"CIMLabelClass","expressionTitle":"Custom","expression":"$feature.Name","expressionEngine":"Arcade","featuresToLabel":"AllVisibleFeatures","maplexLabelPlacementProperties":{"type":"CIMMaplexLabelPlacementProperties","featureType":"Polygon","avoidPolygonHoles":true,"canOverrunFeature":true,"canPlaceLabelOutsidePolygon":true,"canRemoveOverlappingLabel":true,"canStackLabel":true,"connectionType":"Unambiguous","constrainOffset":"NoConstraint","contourAlignmentType":"Page","contourLadderType":"Straight","contourMaximumAngle":90,"enableConnection":true,"featureWeight":0,"fontHeightReductionLimit":4,"fontHeightReductionStep":0.5,"fontWidthReductionLimit":90,"fontWidthReductionStep":5,"graticuleAlignmentType":"Straight","keyNumberGroupName":"Default","labelBuffer":15,"labelLargestPolygon":true,"labelPriority":-1,"labelStackingProperties":{"type":"CIMMaplexLabelStackingProperties","stackAlignment":"ChooseBest","maximumNumberOfLines":3,"minimumNumberOfCharsPerLine":3,"maximumNumberOfCharsPerLine":24,"separators":[{"type":"CIMMaplexStackingSeparator","separator":" ","splitAfter":true},{"type":"CIMMaplexStackingSeparator","separator":",","visible":true,"splitAfter":true}]},"lineFeatureType":"General","linePlacementMethod":"OffsetCurvedFromLine","maximumLabelOverrun":80,"maximumLabelOverrunUnit":"Point","minimumFeatureSizeUnit":"Map","multiPartOption":"OneLabelPerPart","offsetAlongLineProperties":{"type":"CIMMaplexOffsetAlongLineProperties","placementMethod":"BestPositionAlongLine","labelAnchorPoint":"CenterOfLabel","distanceUnit":"Percentage","useLineDirection":true},"pointExternalZonePriorities":{"type":"CIMMaplexExternalZonePriorities","aboveLeft":4,"aboveCenter":2,"aboveRight":1,"centerRight":3,"belowRight":5,"belowCenter":7,"belowLeft":8,"centerLeft":6},"pointPlacementMethod":"AroundPoint","polygonAnchorPointType":"GeometricCenter","polygonBoundaryWeight":0,"polygonExternalZones":{"type":"CIMMaplexExternalZonePriorities","aboveLeft":4,"aboveCenter":2,"aboveRight":1,"centerRight":3,"belowRight":5,"belowCenter":7,"belowLeft":8,"centerLeft":6},"polygonFeatureType":"General","polygonInternalZones":{"type":"CIMMaplexInternalZonePriorities","center":1},"polygonPlacementMethod":"HorizontalInPolygon","primaryOffset":1,"primaryOffsetUnit":"Point","removeExtraWhiteSpace":true,"repetitionIntervalUnit":"Point","rotationProperties":{"type":"CIMMaplexRotationProperties","rotationType":"Arithmetic","alignmentType":"Straight"},"secondaryOffset":100,"strategyPriorities":{"type":"CIMMaplexStrategyPriorities","stacking":1,"overrun":2,"fontCompression":3,"fontReduction":4,"abbreviation":5},"thinningDistanceUnit":"Point","truncationMarkerCharacter":".","truncationMinimumLength":1,"truncationPreferredCharacters":"aeiou","truncationExcludedCharacters":"0123456789","polygonAnchorPointPerimeterInsetUnit":"Point"},"name":"Class 1","priority":-1,"standardLabelPlacementProperties":{"type":"CIMStandardLabelPlacementProperties","featureType":"Line","featureWeight":"None","labelWeight":"High","numLabelsOption":"OneLabelPerName","lineLabelPosition":{"type":"CIMStandardLineLabelPosition","above":true,"inLine":true,"parallel":true},"lineLabelPriorities":{"type":"CIMStandardLineLabelPriorities","aboveStart":3,"aboveAlong":3,"aboveEnd":3,"centerStart":3,"centerAlong":3,"centerEnd":3,"belowStart":3,"belowAlong":3,"belowEnd":3},"pointPlacementMethod":"AroundPoint","pointPlacementPriorities":{"type":"CIMStandardPointPlacementPriorities","aboveLeft":2,"aboveCenter":2,"aboveRight":1,"centerLeft":3,"centerRight":2,"belowLeft":3,"belowCenter":3,"belowRight":2},"rotationType":"Arithmetic","polygonPlacementMethod":"AlwaysHorizontal"},"textSymbol":{"type":"CIMSymbolReference","symbol":{"type":"CIMTextSymbol","blockProgression":"TTB","depth3D":1,"extrapolateBaselines":true,"fontEffects":"Normal","fontEncoding":"Unicode","fontFamilyName":"Tahoma","fontStyleName":"Regular","fontType":"Unspecified","haloSize":1,"height":10,"hinting":"Default","horizontalAlignment":"Left","kerning":true,"letterWidth":100,"ligatures":true,"lineGapType":"ExtraLeading","symbol":{"type":"CIMPolygonSymbol","symbolLayers":[{"type":"CIMSolidFill","enable":true,"color":{"type":"CIMRGBColor","values":[0,0,0,100]}}]},"textCase":"Normal","textDirection":"LTR","verticalAlignment":"Bottom","verticalGlyphOrientation":"Right","wordSpacing":100,"billboardMode3D":"FaceNearPlane"}},"useCodedValue":true,"visibility":true,"iD":-1}],"renderer":{"type":"CIMUniqueValueRenderer","colorRamp":{"type":"CIMRandomHSVColorRamp","colorSpace":{"type":"CIMICCColorSpace","url":"Default RGB"},"maxH":360,"minS":33,"maxS":66,"minV":50,"maxV":99,"minAlpha":100,"maxAlpha":100},"defaultLabel":"\u003call other values\u003e","defaultSymbol":{"type":"CIMSymbolReference","symbol":{"type":"CIMPolygonSymbol","symbolLayers":[{"type":"CIMSolidStroke","enable":true,"capStyle":"Round","joinStyle":"Round","lineStyle3D":"Strip","miterLimit":10,"width":0.69999999999999996,"color":{"type":"CIMRGBColor","values":[110,110,110,100]}},{"type":"CIMSolidFill","enable":true,"color":{"type":"CIMRGBColor","values":[130,130,130,100]}}]},"symbolName":"Level_1"},"defaultSymbolPatch":"Default","fields":["LISA_hq10"],"groups":[{"type":"CIMUniqueValueGroup","classes":[{"type":"CIMUniqueValueClass","label":"Not Significant","patch":"Default","symbol":{"type":"CIMSymbolReference","symbol":{"type":"CIMPolygonSymbol","symbolLayers":[{"type":"CIMSolidStroke","enable":true,"capStyle":"Round","joinStyle":"Round","lineStyle3D":"Strip","miterLimit":10,"width":0.69999999999999996,"color":{"type":"CIMRGBColor","values":[110,110,110,100]}},{"type":"CIMSolidFill","enable":true,"color":{"type":"CIMRGBColor","values":[254,240,217,100]}}]}},"values":[{"type":"CIMUniqueValue","fieldValues":["0"]}],"visible":true},{"type":"CIMUniqueValueClass","label":"High-High","patch":"Default","symbol":{"type":"CIMSymbolReference","symbol":{"type":"CIMPolygonSymbol","symbolLayers":[{"type":"CIMSolidStroke","enable":true,"capStyle":"Round","joinStyle":"Round","lineStyle3D":"Strip","miterLimit":10,"width":0.69999999999999996,"color":{"type":"CIMRGBColor","values":[110,110,110,100]}},{"type":"CIMSolidFill","enable":true,"color":{"type":"CIMHSVColor","values":[0,100,70.2000000000000028,100]}}]}},"values":[{"type":"CIMUniqueValue","fieldValues":["1"]}],"visible":true},{"type":"CIMUniqueValueClass","label":"Low-Low","patch":"Default","symbol":{"type":"CIMSymbolReference","symbol":{"type":"CIMPolygonSymbol","symbolLayers":[{"type":"CIMSolidStroke","enable":true,"capStyle":"Round","joinStyle":"Round","lineStyle3D":"Strip","miterLimit":10,"width":0.69999999999999996,"color":{"type":"CIMRGBColor","values":[110,110,110,100]}},{"type":"CIMSolidFill","enable":true,"color":{"type":"CIMHSVColor","values":[202.34,97.1599999999999966,55.2899999999999991,100]}}]}},"values":[{"type":"CIMUniqueValue","fieldValues":["2"]}],"visible":true},{"type":"CIMUniqueValueClass","label":"Low-High","patch":"Default","symbol":{"type":"CIMSymbolReference","symbol":{"type":"CIMPolygonSymbol","symbolLayers":[{"type":"CIMSolidStroke","enable":true,"capStyle":"Round","joinStyle":"Round","lineStyle3D":"Strip","miterLimit":10,"width":0.69999999999999996,"color":{"type":"CIMRGBColor","values":[110,110,110,100]}},{"type":"CIMSolidFill","enable":true,"color":{"type":"CIMHSVColor","values":[205.06,43.9600000000000009,81.1800000000000068,100]}}]}},"values":[{"type":"CIMUniqueValue","fieldValues":["3"]}],"visible":true},{"type":"CIMUniqueValueClass","label":"High-Low","patch":"Default","symbol":{"type":"CIMSymbolReference","symbol":{"type":"CIMPolygonSymbol","symbolLayers":[{"type":"CIMSolidStroke","enable":true,"capStyle":"Round","joinStyle":"Round","lineStyle3D":"Strip","miterLimit":10,"width":0.69999999999999996,"color":{"type":"CIMRGBColor","values":[110,110,110,100]}},{"type":"CIMSolidFill","enable":true,"color":{"type":"CIMHSVColor","values":[16.2600000000000016,42.4600000000000009,98.8199999999999932,100]}}]}},"values":[{"type":"CIMUniqueValue","fieldValues":["4"]}],"visible":true}],"heading":"LISA_hq10"}],"polygonSymbolColorTarget":"Fill"},"scaleSymbols":true,"snappable":true}]}</LayerFile></DataProperties></Esri></metadata>
